-- phpMyAdmin SQL Dump
-- version 4.7.4
-- https://www.phpmyadmin.net/
--
-- Servidor: 127.0.0.1
-- Tiempo de generación: 11-07-2020 a las 05:21:07
-- Versión del servidor: 10.1.29-MariaDB
-- Versión de PHP: 7.2.0

SET SQL_MODE = "NO_AUTO_VALUE_ON_ZERO";
SET AUTOCOMMIT = 0;
START TRANSACTION;
SET time_zone = "+00:00";


/*!40101 SET @OLD_CHARACTER_SET_CLIENT=@@CHARACTER_SET_CLIENT */;
/*!40101 SET @OLD_CHARACTER_SET_RESULTS=@@CHARACTER_SET_RESULTS */;
/*!40101 SET @OLD_COLLATION_CONNECTION=@@COLLATION_CONNECTION */;
/*!40101 SET NAMES utf8mb4 */;

--
-- Base de datos: `db_consprof_0.3`
--

-- --------------------------------------------------------

--
-- Estructura de tabla para la tabla `cliente`
--

CREATE TABLE `cliente` (
  `id_cliente` int(11) NOT NULL,
  `rela_persona` int(11) NOT NULL
) ENGINE=InnoDB DEFAULT CHARSET=utf8 COLLATE=utf8_spanish_ci;

--
-- Volcado de datos para la tabla `cliente`
--

INSERT INTO `cliente` (`id_cliente`, `rela_persona`) VALUES
(1, 12),
(2, 13),
(3, 27),
(4, 29),
(5, 30),
(6, 33);

-- --------------------------------------------------------

--
-- Estructura de tabla para la tabla `consulta`
--

CREATE TABLE `consulta` (
  `id_consulta` int(11) NOT NULL,
  `rela_profesional` int(11) NOT NULL,
  `precio_consulta` int(15) NOT NULL,
  `descripcion_consulta` varchar(255) NOT NULL,
  `rela_tipo_consulta` int(11) NOT NULL
) ENGINE=InnoDB DEFAULT CHARSET=latin1;

--
-- Volcado de datos para la tabla `consulta`
--

INSERT INTO `consulta` (`id_consulta`, `rela_profesional`, `precio_consulta`, `descripcion_consulta`, `rela_tipo_consulta`) VALUES
(1, 1, 100, 'modificado t', 1),
(2, 1, 200, 'otra rapida', 1),
(3, 1, 200, 'otra rapida', 1),
(4, 1, 600, 'otro consulta', 1),
(5, 1, 400, 'liquidacion ', 1),
(6, 9, 500, 'Una consulta de clase', 1),
(7, 7, 500, 'liquidacion de sueldo', 1),
(8, 7, 800, 'otra consulta', 1),
(9, 7, 500, 'Consulta 3', 2),
(10, 9, 20, 'modelo relacional', 2),
(11, 8, 200, 'escolar', 2),
(12, 10, 4, 'consulta para cualquier', 1);

-- --------------------------------------------------------

--
-- Estructura de tabla para la tabla `favorito`
--

CREATE TABLE `favorito` (
  `id_favorito` int(11) NOT NULL,
  `rela_cliente_favorito` int(11) NOT NULL,
  `rela_profesional_favorito` int(11) NOT NULL
) ENGINE=InnoDB DEFAULT CHARSET=utf8 COLLATE=utf8_spanish_ci;

--
-- Volcado de datos para la tabla `favorito`
--

INSERT INTO `favorito` (`id_favorito`, `rela_cliente_favorito`, `rela_profesional_favorito`) VALUES
(2, 3, 1);

-- --------------------------------------------------------

--
-- Estructura de tabla para la tabla `pago_consulta`
--

CREATE TABLE `pago_consulta` (
  `id_pago` int(11) NOT NULL,
  `nombre_tarjeta` varchar(50) COLLATE utf8_spanish_ci NOT NULL,
  `numero_tarjeta` int(20) NOT NULL,
  `cvc_tarjeta` int(3) NOT NULL,
  `fecha_exp_mes` int(2) NOT NULL,
  `fecha_exp_año` int(2) NOT NULL,
  `rela_tipo_tarjeta` int(11) NOT NULL,
  `rela_profesional_pago` int(11) NOT NULL,
  `rela_cliente_pago` int(11) NOT NULL
) ENGINE=InnoDB DEFAULT CHARSET=utf8 COLLATE=utf8_spanish_ci;

-- --------------------------------------------------------

--
-- Estructura de tabla para la tabla `persona`
--

CREATE TABLE `persona` (
  `id_persona` int(11) NOT NULL,
  `nombre_persona` varchar(200) COLLATE utf8_spanish_ci NOT NULL,
  `apellido_persona` varchar(200) COLLATE utf8_spanish_ci NOT NULL,
  `dni_persona` int(8) NOT NULL,
  `correo_persona` varchar(200) COLLATE utf8_spanish_ci NOT NULL,
  `cuil_persona` varchar(20) COLLATE utf8_spanish_ci NOT NULL,
  `direccion` varchar(200) COLLATE utf8_spanish_ci NOT NULL,
  `imagen_icono` longblob
) ENGINE=InnoDB DEFAULT CHARSET=utf8 COLLATE=utf8_spanish_ci;

--
-- Volcado de datos para la tabla `persona`
--

INSERT INTO `persona` (`id_persona`, `nombre_persona`, `apellido_persona`, `dni_persona`, `correo_persona`, `cuil_persona`, `direccion`, `imagen_icono`) VALUES
(11, 'Ronaldo', 'Almiron', 40804221, 'rony.almiron.020@gmail.com', '20-40804221-7', 'C5', 0x89504e470d0a1a0a0000000d49484452000000fb000000c90803000000d21eb4320000008a504c5445ffffff000000fcfcfc040404b6b6b64f4f4ff8f8f8f5f5f5d6d6d6080808eeeeeee1e1e14b4b4bc3c3c3dddddd8d8d8de8e8e87c7c7cb1b1b1666666555555848484313131bcbcbca2a2a2cdcdcdd8d8d8c8c8c85a5a5a2323236f6f6faaaaaa9a9a9a2c2c2c1d1d1d3b3b3b434343777777121212363636696969808080939393181818898989a4a4a4da3fad1000000c8049444154789ced5d0963aaba124e82b2bb818a0ba858976aedffff7b2fdb0450a0daf6d5786ebe7bce2952c07c99253393848b908181818181818181818181818181818181818181818181818181818181818181818181818181818181818181c19f80f0bfe23f44289edda0bfc17f84663deca11b6d2eab34dc85e3d56913b943e7d94dfa655c8917b4dafd8ca7f81ac7f8d315f790ea3dafa9237534ece5de537c2d0b1f2a1db05f92a28be0aebf6df42f8110dfae9e09065bce99ff61489d31f483f8b11d04d55b9ce1df35f81741e68a3a570137951c2d4b321dd35f8585d8c5d9d4ada88ce3dab54fd7173641c31ee82b619aeb766f6c7ccc7e41ba20f3e2fcbcf01504d989ff6aaa3f8c488980ffcecdbb8a3ea7b4b8e18e71ec23752b2251f05adce7eb426d09dadcb06310010db93a2bba6856dc4d50347f9990801ae83282d652edf76fd55d72e717d4c89d221c226203e3f5f255463b827ab392be776ad49dc3e7d7f8f5dc31a6dda7dcdc6cf92a363f1f949a3dc14ddccffcf7e77ae61413f5408206afa0f6b68d823d7c20480de075a0fe1ccdb1e535fdbe5b4a71f67dfde54ecd3b55764afcb726a1836027b849e7e9f9b761613b635ffb2488a0dd5049c8cf8b40e606d9a6472fe96db2a6aef12c3c55831d1a7689dedc69e3e29e3ca41a90350b156399bbd001be09f4decc97411e75a02b9ddd1db3cef5083e20e7d8a2ef18f7a4ebee355f42d91f6d7115fdbb5aeb2c788282833276d46d517886311db8d07cdca21ad8f370289e473b801c82a62f7e3e68fb323916d17f4e8c7a1b77cca80ceb845d1c529b3f89e7d187cf337de54ed02446c07d7dadf0b227b27035b98cc6d343d6e3972699371def2f93f7301357ddf4c55ae575abc133e9b523c0be6c250970ddc01daffb10f4f844c6ac047cb9dd5fa70dfa214d7ec80eff9ed65dd89da52b26764887a82b11be4595aa1cc42d45aa4be1476fd71660e19db894fe73de69c99db0c8dd964734732b31e7877bb71c9b54c6ea6a9ee2ae4a562fece40c5713dcf90b2e8f8212b066e2887bb0aad427b2f614249bc968b0ee576f45fdf565749a750271777052f749b35195ab8da7a5dca9ac6d247533a562f330e4aede999bf4308a15a7ddbc74eb7ca7cebf479ca63f901a239f91c2a5369efd2dadfbe060e58597bcd991f45c9cb9bdbeca6a3652ef6d34abfe225d33b7301c086319475cfb97a0f517ac6329ff5326e4145c8e3bc4fecd37ac34ddbb76e09620cf70459d21ee5182f62667c7e88d6735e0ea7d3cd3cfdd912c0697dd937ada19ef13eafdfa974cc8f02a68e9f3ab839b5e619e229b2ce823937dda61f643cff4807cbcd52caaa7ad49f012494f2eed9c272bc1665ab0ba92aec87d9a62dae98c87b0aeb8338498a98793a7d1ac0741e107442dae22375ae5f5bc445ff85c875be2f97c758aa1d35cf8a6c3ee5924eb4193180c091cda8bc64254d74c4dd46dbe067fc2487e111a61bd521a82065ce5196c39fbe27919cea4f9d683296fa7957586b72a3c749030a925d62caab7a796230d32511a7bc0f9475b86ca62b416ee16fec8b197c313c0cc1deba895b7232ef35cfc08c170e6b1a9b6b0ad7cf105770fefe8bdbb034cd4c197c578f1249af5d8e04f79e440d34326f3b04df05f70c78790c9be2b9500832f5d17f1bd1698523f2cdab3047d15f26f1cc2eee02e42e01426e921b65be0a94edce948456464c32371aae8a93054fae3bbdc73c13d4fa5dc07501bc0d86f6bcc1f23a1b1876c19243023f1e3b0fa36f7d5b6f224dc85d02ed42abc9988aa1a85ef0929ed41dea3c6fafb17dcb723692ef95e8c9a1e48fb549aae7a3eba2ab514e1b9e5a969b68f416378d3ce7d201dbca58e20a6995115d006ce16cb190918dd47b09684b67cfa0dee169e429fd11c7e248244a1e984bad3ad3e061fb04514021bccf3b5a8e03bdd348df1ad72a7399025b9c3d340b716589bb096e556aa3123eee407aa50411bbdce1b04dfc63d5f973e8c4519e724bf6e88959a3d1f337c002514a48b79261699adbfc17d5da9d70a4b82c8ce3f6854b91ae01c82ae236be460a5fc1bd3db24afe7d7c23d4b2afdb5e2827f93dfe1641aa5332b3c85408b8f68cb2a915d846b7d7d1377da5f5158bd61c9c2fb2d2cbe9ee2d513d956d1c54738640e7970ba2293d45b7cb3dca795c959da17a70babfcf26f204cb9f419e472a58ebc3e7935a34ee3dbe821eebcc45b1e1b3c0bf362107cc91bce9fc2b30e5e85fb79704d052fb68fe83cfeb85d8f303803772e77eb59546f4095140e29c9fe8d18f12a79887bf27e73ca0a686a085f322d54e0c92094bbf2f3537cae29b8e3feb1e66413f7e375ef31ccceaa83ed5c2bee2ac80cb193766f10ceea38d673b7706716de3e2275c0c1117fab1577355bb8c2fdda8b2e0fc8fd52fb84851cd8785ca70b773eb0414c7bc621e16bc32ba85f4cd568ef8b9b071096b59fe5775093383c89e92d32516b6758e3bae4daa91de01bb9e7fe6d516ac2169f301056d3d7658c236cee712d3fb0b986d881228e5c55e0d6d72f9ac7f7cc152bab441c6713e4bcd3b8aed4bffacccdbc17362ae69866dcf5c9327a7f54c3af953b7dc2beec369c194f8cc19f4e3054c49f0ec21c19e458e48d37dd8b23974fa32f373bdc54b869e6ce1eb13b2ff9c4bd1bc507de1f6f600769ad5d3d05625f04a8f9be41c80f706fc01e9c006693f7ba80a5d730c82932adcb0abfc31d9619b1214e97422de105ca481e57174ab676c0d7dcadf251b977eb838867c03f308d94b85e20f713eee55e50e912b5aa833eb54a36c8c91197a0d91ddafe38f79289e73a0d71c2c1c1c288e01e53ff0677507916228e1adaf10c7428dd0d3f22ac5cd9b803e607dcbb325ae2838a4eab2b9983537a987c45e35bdcc1b313e64fb4da21cce689219db1b7ff07ee1f7291324b646826a3d11c3462a544156bd5152f7eca5dad2864fbed2e5a71e7cba56c291b0763eb1e7f7737778bad3412746df659af8d8236cbd444782386b97b5cfddddc3d360f23e8b2527fa6f2441d40d8ee18883e0871b2bb86b9fb753eb72129de61b68346a785564428bd5aed7c9fabbf8b3b5f872b679f8958aa3b6f6ec813206ae6c5ec0caadff8f24dee782cd7e5131a305b453d5c0f105e4cb18af4ea7a75f4f7b93304c28772b15baa44a409885c57775475a67b38dd2b7788e208990a97af1d06ac5d9f08b634c55ffbfafbb8e377f5153c701868e4e301432c6a6ae24d0e8415af7e837b51aa62b540acbe4127b0aa1d95740c73e4c2e47f5ebbf08aed8031db6e78d1696c9720c811eb82d4aed079dbbeffbbe53e57cf4bb0a6d6ce4cfc933716722ce9957fc8bd07710c1136f5d9d8806782f0f9514b25da847c15e2dcc13de15314fc816c4b39ceb5d377805867732a4e247c0b7b3dd8d8d53a165a3c6987a86642a97b9a6531158885c3117cb499cd371771bee0ceca6004a21ab15c69a52d759ec430c8ad33c4a1de3e6fa696a056b39806309f4788d86999393abfde682edc1b8c4b2cde8bab1eafe4fa99571c162bf18a4bf89f54bee682ef0e1667f54a626e7016650b5550b3c1fd9799098875a1b5822f3b7422e63bf8e601cd2116956ea17847888d825d891535da85cbe020f1de03877f72ab7b0cc27ec9b2838c6f0b1d6b95b6d780f87cf32bb6d42b89d88f352e95b194e6da32f4e7989795625d7e3740f0c1effdd031aaa9802f2fe1aedd2d8bc9b9085efbf3f9b34e78342a9c9dcf7be10e2e8eea37f6c643a90aba2c1b6f01512feb492a6787acc01a36de25f49fed38380d8b9740101efc70655836ddaa0f881cb7c46b2acae791b34997a517f25ddfc8f82ee3b3537d19c6403e2bd17664af80bddb46a87deafcc43db1376241ed4bb35a4d236414c65d57ef071927b51e4f8603d1d757eb01422054a5ed1e7ddf3bfb2308883bafa1f002a5e4fdd041452e76f7ed148907119ee6e1dc1528d960ca85c65ed730470f9a3dbd781e422874d46ad2f56b30b57762683d8efb0f9afd2256814eecbc92c22bccb04a5d52a1b7ed2ce0b7f354769a8535da10f5201653b5b711ef3ef94b1b5a2c5ffcc2f9dc1537e57aedf27f08e40c190c63132762a969d3c5d4b527f2bd26425b368f3a0a8d40dbbd80e844eafecc6da4eeced42c1ebf78dc471ad6a31f426f5acad9317b0fc6249afbc58b8b6998ebb8d120bcaa6d1d7f1216e901a6b351e9ff2fa17a21efa6abfd68bf8ac3ba171f1d23f2baea0e203c3549d456a186ca65b58e7f4ce4d68b67b7fe77e0ae2c49b171ba42be06c85bb95f3fee95c072b2ceb84ec657a21f476c2cf84704ce2187753bd9d7ed9353aabe4f48e9ea7f0e24482ee9c70ded6d3a485ea028f51b20fd5e677dbe4c4ea7cbf9b3d30bc480f74f0abb821aef4dea4fff73f80f503430303030303030303030303030303030303030303030303030303030303030303030303030303030781dfc0f2bc8881b1ad530690000000049454e44ae426082),
(12, 'David Rolando', 'Pereyra', 40221406, 'davidpereyra2013.dp@gmail.com', '20-40221406-7', 'Por ahi', 0x89504e470d0a1a0a0000000d49484452000001c0000001c00800000000104ee7af000008f74944415478daeddd2d97ea581680617e6de9d8e8d86834363a161d1d1b8d65b51811cb74dfbe6bd64085aa02f2b137f77975df6286879c9c7312c2ee43a9db790b000aa0000214400114408002288002085000055000010aa0000a20400114400104288002085000055000010aa0000a204001144001042880022880000550000510a0000aa00002144001042880022880000550000510a0000aa0000214400114408002288002085000055000010aa0000214400114408002288002085000055000010aa0000a20400114400104288002085000055000010aa0000a204001144001042880022880000550000510a0000aa0de17b0ac9bb61f86cbef86a16f9bba0498a2ba1dc6cb64e3d0d600631f79cd70f9a6be2901c6ac684e971f756a0a80f146cefef2407d0d305487f3e5c1ce078089f9de87f00d00f74ff1fd22dc03dc7ee2395c5e6828016e5b7b79b116e08655a7cbcb9d2a805bd55c66a901b8cdc2fdab95dfd0b5fbfaf7b155d5fbb6fbea54d91700030d9f63df4c8e8a55d38fef378ca605aca631c6eecba5c1bebbf3cf2a802bafdda707ce1faccd0fd383e901e0e67edd0f0fa3aa7b23c1dddbf8750facc9cbee6d04776fe2373c7879a11ede4470f7167ee3134bb9667c0bc18480d54c3b9a13bba815c02dd60f4fefa4b46fb09a480758dcaedfc7172eaed7b71f86530170e16ef7cf4e2f5d102a6f3f0e3dc0656b663e643e1dd00dc0352730ddcb435ed1e59ec82403bc395eba39fee68de009e072b54b4c396e47d116e05295cb4c196f054b800b75bdf21e677ba3cbebd5c4007099f6d707ca8c3757d7d77f790f7091cecbcdf7af572767804b7458729c1bb2ee6aef921e80e3cc338debd3e019e0d207e0ec1b264dd2437097f3005c60a238e43c04d300d64bcd40577b813f1cb09f7d0bedb66ef157f893018be5f74aaef7790a80cbcd31163a3cba8c9795b2009e56b8e25365bc289104b05c65af7248b8a59d04b0596591764838862601fcff39e8b8dccb8cf9ee8e4902b8d20cff6a1a0370a145f682177bf6f9d6f23900db7546d0eb31b405b8c8f470d173539feec27c0ec071add961b3d6a1fe670196abddb759a5db4d4b0158af37394c378b4901d8ac77661ab22de55300b6eb5de7e9b24d435300f6ebbdab6db6bd981480c37af76ceeb3ad23d2012e3cb3a8012e3c355cf8db5f55b6ddd07480eff45a000102040810204080002d232c232ce4017e0f682b2d21a0cdece4802e27250774413739a05b2a9203baa92939a0db0ab303bab13739a05beb9303fa724b72405f2fcb0e38f882676e405fb14e0ee82107c9013d66243ba007fd2407f4a8ade4806b3fec2ecd4ff078dce46a2ff087037ae06b76408f5c4e0ee8a1e7d901fdec4072c09b1ffe98f56a4feb873f56c84fef2407f4e357d901fdfc5c72403f00991dd04fb06607f423c8c901fd0c7976c0ebab12ff08be34e5286ffdfa0f80cbf6e990195f580fd6e36599892dc02f4e83b76ffaf3d3c6f6f62f8dd507c0d527327fafbc9f1a46cbe1d31fcae79711f06657fbd791f3c4d4a3f9742467dac34e0d382178191e3c13d69f0fbf947e3901a7042fdd03e368d95ddec42f29e0a4e0a5fbe129ac9ae24bea9715705af032fc40e1305cdec82f2de0c46ae2dfe94cf7e5c5bc7d77e79f551f00d7163c5da61bfb6692a36afaf1ce3f39a5f54b0cf851f497fb0d5dbbaf7fb354f5beed862ffee3bef800b845cd65969accef416ac0fbc3e803251e3ef3034e6c673e5a9bfc0dc80e38b5a3f94043f90170ebf67f3dcbf79f7dfefff7e9018be685f3e0d8d500b79dc574af9e03cf8702e0561d86395611e3b104b809dff932575d0930315f6ac2a480f5e93277c702608eb5dfdd73610330c8eecbf8f7567653d7ffdb23abeafad01e876f07dd530d7085d1f34b8773dfd6f7c7c2bae94e6f368e66032c8e5f2dcb0f3f988a14fbe31788e71ae0a20bf7bbeffdf9f8c05585b2b97f2df10870b99abbc7dec3d784ee6fc19d7cc173a9e1f3ce61737af286a4eade0d32be23bfe6f0f9ca7e74d19cb35f24cc03588f8beca04cefe87405c0999bbc11b49fe374354978f2b8c9799b5a3d0c334df98b76cc7bab4c12c089cb7ee38cf752977dda7b7d7759fd66be9773627f2787e02ea7df38fb86c9c4164f0ac15d4abf456ea5de8f19057719fd16baeef3e991151904e3031e577c573fbdd6b90038f7fa6fd115da21dd7a303ae0fed31ec9b2aff7e96b873dc059dfcf6ef5576c01be30b7dfe049669fa6327b804fd76ff145f6db4fcd58027cb2669b0711dc0a9e003e793adaea411237cfd00e7d974560c0e2bcf2fce5fe4ca606f8faaabadbf0e00fbc9e8f0b586f7a223a641944c302de0ca0ab1f03c724836858c076eb27799e72cc44a302569b3fc9ac18533c4c262ae0b0fd86e4f536ec58007cfacddb681278cc308f090a788e3083b8994795009f9cc46ff6d9afb75b8826073c0739fbf4f10fc15dfc0370c3cb39d79ba21dc0670ec04d7f8eb10d7f08eec21f80559ccfd211e0e37b205da00f53c4b56040c03ad4b0750ebe1d1310b00b35713804ff7df2788045b079c339f6458978804db0997b137b25110ff01cecf7e0aeae4a8c00bfab0ab3069c3c271f007ed331dcdb5586bed33e1ce039de80758a3c864603ac02ee7c1c22df681f0db00df893b645e4796834c053c465731f782d1f0cb008b9777c087c492218e03ee48f829781f74383011e630e56a7b827c1608041dfa963dc936030c0a09b1efbb827c1588075d037aa88bb128c05d8461daa4e619f7a100bb08b3a593886dd0e8d0538449dae1fc27e51291660d88bdf572767803f5a3017613f5a15c01f7cce835db739471d1b42011ea25d8c4f70760e05d8c6ddb13a465d47ecbc4bb93f5ba10087b8770f851dddc30206bb85b60608f0fd01c7a88bad9b9bad00fe60b5fc112c800001fadf0610a0620510a0000a204001144001042880022880000550000510a0000aa00002144001144080022880000550000510a0000aa0000214400114408002288002085000055000010aa0000a20400114408002288002085000055000010aa0000a204001144001042880022880000550000510a0000a204001144001042880022880000550000510a0000aa00002144001144080022880000550000510a0000aa0000214400114408002288002085000055000010aa000ea57ff053535dd3d6e05444c0000000049454e44ae426082),
(13, 'Ale', 'Villalba', 40804222, 'ale@gmail.com', '20-34344335-1', 'mar', ''),
(27, 'lucas', 'Chiacchio', 34567, 'luca@gmail.com', '76543', '2 de abril', 0x89504e470d0a1a0a0000000d49484452000001c0000001c00800000000104ee7af000008f74944415478daeddd2d97ea581680617e6de9d8e8d86834363a161d1d1b8d65b51811cb74dfbe6bd64085aa02f2b137f77975df6286879c9c7312c2ee43a9db790b000aa0000214400114408002288002085000055000010aa0000a20400114400104288002085000055000010aa0000a204001144001042880022880000550000510a0000aa00002144001042880022880000550000510a0000aa0000214400114408002288002085000055000010aa0000214400114408002288002085000055000010aa0000a20400114400104288002085000055000010aa0000a204001144001042880022880000550000510a0000aa0de17b0ac9bb61f86cbef86a16f9bba0498a2ba1dc6cb64e3d0d600631f79cd70f9a6be2901c6ac684e971f756a0a80f146cefef2407d0d305487f3e5c1ce078089f9de87f00d00f74ff1fd22dc03dc7ee2395c5e6828016e5b7b79b116e08655a7cbcb9d2a805bd55c66a901b8cdc2fdab95dfd0b5fbfaf7b155d5fbb6fbea54d91700030d9f63df4c8e8a55d38fef378ca605aca631c6eecba5c1bebbf3cf2a802bafdda707ce1faccd0fd383e901e0e67edd0f0fa3aa7b23c1dddbf8750facc9cbee6d04776fe2373c7879a11ede4470f7167ee3134bb9667c0bc18480d54c3b9a13bba815c02dd60f4fefa4b46fb09a480758dcaedfc7172eaed7b71f86530170e16ef7cf4e2f5d102a6f3f0e3dc0656b663e643e1dd00dc0352730ddcb435ed1e59ec82403bc395eba39fee68de009e072b54b4c396e47d116e05295cb4c196f054b800b75bdf21e677ba3cbebd5c4007099f6d707ca8c3757d7d77f790f7091cecbcdf7af572767804b7458729c1bb2ee6aef921e80e3cc338debd3e019e0d207e0ec1b264dd2437097f3005c60a238e43c04d300d64bcd40577b813f1cb09f7d0bedb66ef157f893018be5f74aaef7790a80cbcd31163a3cba8c9795b2009e56b8e25365bc289104b05c65af7248b8a59d04b0596591764838862601fcff39e8b8dccb8cf9ee8e4902b8d20cff6a1a0370a145f682177bf6f9d6f23900db7546d0eb31b405b8c8f470d173539feec27c0ec071add961b3d6a1fe670196abddb759a5db4d4b0158af37394c378b4901d8ac77661ab22de55300b6eb5de7e9b24d435300f6ebbdab6db6bd981480c37af76ceeb3ad23d2012e3cb3a8012e3c355cf8db5f55b6ddd07480eff45a000102040810204080002d232c232ce4017e0f682b2d21a0cdece4802e27250774413739a05b2a9203baa92939a0db0ab303bab13739a05beb9303fa724b72405f2fcb0e38f882676e405fb14e0ee82107c9013d66243ba007fd2407f4a8ade4806b3fec2ecd4ff078dce46a2ff087037ae06b76408f5c4e0ee8a1e7d901fdec4072c09b1ffe98f56a4feb873f56c84fef2407f4e357d901fdfc5c72403f00991dd04fb06607f423c8c901fd0c7976c0ebab12ff08be34e5286ffdfa0f80cbf6e990195f580fd6e36599892dc02f4e83b76ffaf3d3c6f6f62f8dd507c0d527327fafbc9f1a46cbe1d31fcae79711f06657fbd791f3c4d4a3f9742467dac34e0d382178191e3c13d69f0fbf947e3901a7042fdd03e368d95ddec42f29e0a4e0a5fbe129ac9ae24bea9715705af032fc40e1305cdec82f2de0c46ae2dfe94cf7e5c5bc7d77e79f551f00d7163c5da61bfb6692a36afaf1ce3f39a5f54b0cf851f497fb0d5dbbaf7fb354f5beed862ffee3bef800b845cd65969accef416ac0fbc3e803251e3ef3034e6c673e5a9bfc0dc80e38b5a3f94043f90170ebf67f3dcbf79f7dfefff7e9018be685f3e0d8d500b79dc574af9e03cf8702e0561d86395611e3b104b809dff932575d0930315f6ac2a480f5e93277c702608eb5dfdd73610330c8eecbf8f7567653d7ffdb23abeafad01e876f07dd530d7085d1f34b8773dfd6f7c7c2bae94e6f368e66032c8e5f2dcb0f3f988a14fbe31788e71ae0a20bf7bbeffdf9f8c05585b2b97f2df10870b99abbc7dec3d784ee6fc19d7cc173a9e1f3ce61737af286a4eade0d32be23bfe6f0f9ca7e74d19cb35f24cc03588f8beca04cefe87405c0999bbc11b49fe374354978f2b8c9799b5a3d0c334df98b76cc7bab4c12c089cb7ee38cf752977dda7b7d7759fd66be9773627f2787e02ea7df38fb86c9c4164f0ac15d4abf456ea5de8f19057719fd16baeef3e991151904e3031e577c573fbdd6b90038f7fa6fd115da21dd7a303ae0fed31ec9b2aff7e96b873dc059dfcf6ef5576c01be30b7dfe049669fa6327b804fd76ff145f6db4fcd58027cb2669b0711dc0a9e003e793adaea411237cfd00e7d974560c0e2bcf2fce5fe4ca606f8faaabadbf0e00fbc9e8f0b586f7a223a641944c302de0ca0ab1f03c724836858c076eb27799e72cc44a302569b3fc9ac18533c4c262ae0b0fd86e4f536ec58007cfacddb681278cc308f090a788e3083b8994795009f9cc46ff6d9afb75b8826073c0739fbf4f10fc15dfc0370c3cb39d79ba21dc0670ec04d7f8eb10d7f08eec21f80559ccfd211e0e37b205da00f53c4b56040c03ad4b0750ebe1d1310b00b35713804ff7df2788045b079c339f6458978804db0997b137b25110ff01cecf7e0aeae4a8c00bfab0ab3069c3c271f007ed331dcdb5586bed33e1ce039de80758a3c864603ac02ee7c1c22df681f0db00df893b645e4796834c053c465731f782d1f0cb008b9777c087c492218e03ee48f829781f74383011e630e56a7b827c1608041dfa963dc936030c0a09b1efbb827c1588075d037aa88bb128c05d8461daa4e619f7a100bb08b3a593886dd0e8d0538449dae1fc27e51291660d88bdf572767803f5a3017613f5a15c01f7cce835db739471d1b42011ea25d8c4f70760e05d8c6ddb13a465d47ecbc4bb93f5ba10087b8770f851dddc30206bb85b60608f0fd01c7a88bad9b9bad00fe60b5fc112c800001fadf0610a0620510a0000a204001144001042880022880000550000510a0000aa00002144001144080022880000550000510a0000aa0000214400114408002288002085000055000010aa0000a20400114408002288002085000055000010aa0000a204001144001042880022880000550000510a0000a204001144001042880022880000550000510a0000aa00002144001144080022880000550000510a0000aa0000214400114408002288002085000055000010aa000ea57ff053535dd3d6e05444c0000000049454e44ae426082),
(28, 'Nico', 'villalba', 40221406, 'nico@gmail.com', '23-402214', 'Mariano moreno', 0x89504e470d0a1a0a0000000d49484452000001c0000001c00800000000104ee7af000008f74944415478daeddd2d97ea581680617e6de9d8e8d86834363a161d1d1b8d65b51811cb74dfbe6bd64085aa02f2b137f77975df6286879c9c7312c2ee43a9db790b000aa0000214400114408002288002085000055000010aa0000a20400114400104288002085000055000010aa0000a204001144001042880022880000550000510a0000aa00002144001042880022880000550000510a0000aa0000214400114408002288002085000055000010aa0000214400114408002288002085000055000010aa0000a20400114400104288002085000055000010aa0000a204001144001042880022880000550000510a0000aa0de17b0ac9bb61f86cbef86a16f9bba0498a2ba1dc6cb64e3d0d600631f79cd70f9a6be2901c6ac684e971f756a0a80f146cefef2407d0d305487f3e5c1ce078089f9de87f00d00f74ff1fd22dc03dc7ee2395c5e6828016e5b7b79b116e08655a7cbcb9d2a805bd55c66a901b8cdc2fdab95dfd0b5fbfaf7b155d5fbb6fbea54d91700030d9f63df4c8e8a55d38fef378ca605aca631c6eecba5c1bebbf3cf2a802bafdda707ce1faccd0fd383e901e0e67edd0f0fa3aa7b23c1dddbf8750facc9cbee6d04776fe2373c7879a11ede4470f7167ee3134bb9667c0bc18480d54c3b9a13bba815c02dd60f4fefa4b46fb09a480758dcaedfc7172eaed7b71f86530170e16ef7cf4e2f5d102a6f3f0e3dc0656b663e643e1dd00dc0352730ddcb435ed1e59ec82403bc395eba39fee68de009e072b54b4c396e47d116e05295cb4c196f054b800b75bdf21e677ba3cbebd5c4007099f6d707ca8c3757d7d77f790f7091cecbcdf7af572767804b7458729c1bb2ee6aef921e80e3cc338debd3e019e0d207e0ec1b264dd2437097f3005c60a238e43c04d300d64bcd40577b813f1cb09f7d0bedb66ef157f893018be5f74aaef7790a80cbcd31163a3cba8c9795b2009e56b8e25365bc289104b05c65af7248b8a59d04b0596591764838862601fcff39e8b8dccb8cf9ee8e4902b8d20cff6a1a0370a145f682177bf6f9d6f23900db7546d0eb31b405b8c8f470d173539feec27c0ec071add961b3d6a1fe670196abddb759a5db4d4b0158af37394c378b4901d8ac77661ab22de55300b6eb5de7e9b24d435300f6ebbdab6db6bd981480c37af76ceeb3ad23d2012e3cb3a8012e3c355cf8db5f55b6ddd07480eff45a000102040810204080002d232c232ce4017e0f682b2d21a0cdece4802e27250774413739a05b2a9203baa92939a0db0ab303bab13739a05beb9303fa724b72405f2fcb0e38f882676e405fb14e0ee82107c9013d66243ba007fd2407f4a8ade4806b3fec2ecd4ff078dce46a2ff087037ae06b76408f5c4e0ee8a1e7d901fdec4072c09b1ffe98f56a4feb873f56c84fef2407f4e357d901fdfc5c72403f00991dd04fb06607f423c8c901fd0c7976c0ebab12ff08be34e5286ffdfa0f80cbf6e990195f580fd6e36599892dc02f4e83b76ffaf3d3c6f6f62f8dd507c0d527327fafbc9f1a46cbe1d31fcae79711f06657fbd791f3c4d4a3f9742467dac34e0d382178191e3c13d69f0fbf947e3901a7042fdd03e368d95ddec42f29e0a4e0a5fbe129ac9ae24bea9715705af032fc40e1305cdec82f2de0c46ae2dfe94cf7e5c5bc7d77e79f551f00d7163c5da61bfb6692a36afaf1ce3f39a5f54b0cf851f497fb0d5dbbaf7fb354f5beed862ffee3bef800b845cd65969accef416ac0fbc3e803251e3ef3034e6c673e5a9bfc0dc80e38b5a3f94043f90170ebf67f3dcbf79f7dfefff7e9018be685f3e0d8d500b79dc574af9e03cf8702e0561d86395611e3b104b809dff932575d0930315f6ac2a480f5e93277c702608eb5dfdd73610330c8eecbf8f7567653d7ffdb23abeafad01e876f07dd530d7085d1f34b8773dfd6f7c7c2bae94e6f368e66032c8e5f2dcb0f3f988a14fbe31788e71ae0a20bf7bbeffdf9f8c05585b2b97f2df10870b99abbc7dec3d784ee6fc19d7cc173a9e1f3ce61737af286a4eade0d32be23bfe6f0f9ca7e74d19cb35f24cc03588f8beca04cefe87405c0999bbc11b49fe374354978f2b8c9799b5a3d0c334df98b76cc7bab4c12c089cb7ee38cf752977dda7b7d7759fd66be9773627f2787e02ea7df38fb86c9c4164f0ac15d4abf456ea5de8f19057719fd16baeef3e991151904e3031e577c573fbdd6b90038f7fa6fd115da21dd7a303ae0fed31ec9b2aff7e96b873dc059dfcf6ef5576c01be30b7dfe049669fa6327b804fd76ff145f6db4fcd58027cb2669b0711dc0a9e003e793adaea411237cfd00e7d974560c0e2bcf2fce5fe4ca606f8faaabadbf0e00fbc9e8f0b586f7a223a641944c302de0ca0ab1f03c724836858c076eb27799e72cc44a302569b3fc9ac18533c4c262ae0b0fd86e4f536ec58007cfacddb681278cc308f090a788e3083b8994795009f9cc46ff6d9afb75b8826073c0739fbf4f10fc15dfc0370c3cb39d79ba21dc0670ec04d7f8eb10d7f08eec21f80559ccfd211e0e37b205da00f53c4b56040c03ad4b0750ebe1d1310b00b35713804ff7df2788045b079c339f6458978804db0997b137b25110ff01cecf7e0aeae4a8c00bfab0ab3069c3c271f007ed331dcdb5586bed33e1ce039de80758a3c864603ac02ee7c1c22df681f0db00df893b645e4796834c053c465731f782d1f0cb008b9777c087c492218e03ee48f829781f74383011e630e56a7b827c1608041dfa963dc936030c0a09b1efbb827c1588075d037aa88bb128c05d8461daa4e619f7a100bb08b3a593886dd0e8d0538449dae1fc27e51291660d88bdf572767803f5a3017613f5a15c01f7cce835db739471d1b42011ea25d8c4f70760e05d8c6ddb13a465d47ecbc4bb93f5ba10087b8770f851dddc30206bb85b60608f0fd01c7a88bad9b9bad00fe60b5fc112c800001fadf0610a0620510a0000a204001144001042880022880000550000510a0000aa00002144001144080022880000550000510a0000aa0000214400114408002288002085000055000010aa0000a20400114408002288002085000055000010aa0000a204001144001042880022880000550000510a0000a204001144001042880022880000550000510a0000aa00002144001144080022880000550000510a0000aa0000214400114408002288002085000055000010aa000ea57ff053535dd3d6e05444c0000000049454e44ae426082),
(29, 'agustin', 'agus', 0, 'agus@gmail.com', '', '', NULL),
(30, 'ema', 'ema', 34434, 'ema@gmiil.com', '24', 'san martin', 0x89504e470d0a1a0a0000000d49484452000001c0000001c00800000000104ee7af000008f74944415478daeddd2d97ea581680617e6de9d8e8d86834363a161d1d1b8d65b51811cb74dfbe6bd64085aa02f2b137f77975df6286879c9c7312c2ee43a9db790b000aa0000214400114408002288002085000055000010aa0000a20400114400104288002085000055000010aa0000a204001144001042880022880000550000510a0000aa00002144001042880022880000550000510a0000aa0000214400114408002288002085000055000010aa0000214400114408002288002085000055000010aa0000a20400114400104288002085000055000010aa0000a204001144001042880022880000550000510a0000aa0de17b0ac9bb61f86cbef86a16f9bba0498a2ba1dc6cb64e3d0d600631f79cd70f9a6be2901c6ac684e971f756a0a80f146cefef2407d0d305487f3e5c1ce078089f9de87f00d00f74ff1fd22dc03dc7ee2395c5e6828016e5b7b79b116e08655a7cbcb9d2a805bd55c66a901b8cdc2fdab95dfd0b5fbfaf7b155d5fbb6fbea54d91700030d9f63df4c8e8a55d38fef378ca605aca631c6eecba5c1bebbf3cf2a802bafdda707ce1faccd0fd383e901e0e67edd0f0fa3aa7b23c1dddbf8750facc9cbee6d04776fe2373c7879a11ede4470f7167ee3134bb9667c0bc18480d54c3b9a13bba815c02dd60f4fefa4b46fb09a480758dcaedfc7172eaed7b71f86530170e16ef7cf4e2f5d102a6f3f0e3dc0656b663e643e1dd00dc0352730ddcb435ed1e59ec82403bc395eba39fee68de009e072b54b4c396e47d116e05295cb4c196f054b800b75bdf21e677ba3cbebd5c4007099f6d707ca8c3757d7d77f790f7091cecbcdf7af572767804b7458729c1bb2ee6aef921e80e3cc338debd3e019e0d207e0ec1b264dd2437097f3005c60a238e43c04d300d64bcd40577b813f1cb09f7d0bedb66ef157f893018be5f74aaef7790a80cbcd31163a3cba8c9795b2009e56b8e25365bc289104b05c65af7248b8a59d04b0596591764838862601fcff39e8b8dccb8cf9ee8e4902b8d20cff6a1a0370a145f682177bf6f9d6f23900db7546d0eb31b405b8c8f470d173539feec27c0ec071add961b3d6a1fe670196abddb759a5db4d4b0158af37394c378b4901d8ac77661ab22de55300b6eb5de7e9b24d435300f6ebbdab6db6bd981480c37af76ceeb3ad23d2012e3cb3a8012e3c355cf8db5f55b6ddd07480eff45a000102040810204080002d232c232ce4017e0f682b2d21a0cdece4802e27250774413739a05b2a9203baa92939a0db0ab303bab13739a05beb9303fa724b72405f2fcb0e38f882676e405fb14e0ee82107c9013d66243ba007fd2407f4a8ade4806b3fec2ecd4ff078dce46a2ff087037ae06b76408f5c4e0ee8a1e7d901fdec4072c09b1ffe98f56a4feb873f56c84fef2407f4e357d901fdfc5c72403f00991dd04fb06607f423c8c901fd0c7976c0ebab12ff08be34e5286ffdfa0f80cbf6e990195f580fd6e36599892dc02f4e83b76ffaf3d3c6f6f62f8dd507c0d527327fafbc9f1a46cbe1d31fcae79711f06657fbd791f3c4d4a3f9742467dac34e0d382178191e3c13d69f0fbf947e3901a7042fdd03e368d95ddec42f29e0a4e0a5fbe129ac9ae24bea9715705af032fc40e1305cdec82f2de0c46ae2dfe94cf7e5c5bc7d77e79f551f00d7163c5da61bfb6692a36afaf1ce3f39a5f54b0cf851f497fb0d5dbbaf7fb354f5beed862ffee3bef800b845cd65969accef416ac0fbc3e803251e3ef3034e6c673e5a9bfc0dc80e38b5a3f94043f90170ebf67f3dcbf79f7dfefff7e9018be685f3e0d8d500b79dc574af9e03cf8702e0561d86395611e3b104b809dff932575d0930315f6ac2a480f5e93277c702608eb5dfdd73610330c8eecbf8f7567653d7ffdb23abeafad01e876f07dd530d7085d1f34b8773dfd6f7c7c2bae94e6f368e66032c8e5f2dcb0f3f988a14fbe31788e71ae0a20bf7bbeffdf9f8c05585b2b97f2df10870b99abbc7dec3d784ee6fc19d7cc173a9e1f3ce61737af286a4eade0d32be23bfe6f0f9ca7e74d19cb35f24cc03588f8beca04cefe87405c0999bbc11b49fe374354978f2b8c9799b5a3d0c334df98b76cc7bab4c12c089cb7ee38cf752977dda7b7d7759fd66be9773627f2787e02ea7df38fb86c9c4164f0ac15d4abf456ea5de8f19057719fd16baeef3e991151904e3031e577c573fbdd6b90038f7fa6fd115da21dd7a303ae0fed31ec9b2aff7e96b873dc059dfcf6ef5576c01be30b7dfe049669fa6327b804fd76ff145f6db4fcd58027cb2669b0711dc0a9e003e793adaea411237cfd00e7d974560c0e2bcf2fce5fe4ca606f8faaabadbf0e00fbc9e8f0b586f7a223a641944c302de0ca0ab1f03c724836858c076eb27799e72cc44a302569b3fc9ac18533c4c262ae0b0fd86e4f536ec58007cfacddb681278cc308f090a788e3083b8994795009f9cc46ff6d9afb75b8826073c0739fbf4f10fc15dfc0370c3cb39d79ba21dc0670ec04d7f8eb10d7f08eec21f80559ccfd211e0e37b205da00f53c4b56040c03ad4b0750ebe1d1310b00b35713804ff7df2788045b079c339f6458978804db0997b137b25110ff01cecf7e0aeae4a8c00bfab0ab3069c3c271f007ed331dcdb5586bed33e1ce039de80758a3c864603ac02ee7c1c22df681f0db00df893b645e4796834c053c465731f782d1f0cb008b9777c087c492218e03ee48f829781f74383011e630e56a7b827c1608041dfa963dc936030c0a09b1efbb827c1588075d037aa88bb128c05d8461daa4e619f7a100bb08b3a593886dd0e8d0538449dae1fc27e51291660d88bdf572767803f5a3017613f5a15c01f7cce835db739471d1b42011ea25d8c4f70760e05d8c6ddb13a465d47ecbc4bb93f5ba10087b8770f851dddc30206bb85b60608f0fd01c7a88bad9b9bad00fe60b5fc112c800001fadf0610a0620510a0000a204001144001042880022880000550000510a0000aa00002144001144080022880000550000510a0000aa0000214400114408002288002085000055000010aa0000a20400114408002288002085000055000010aa0000a204001144001042880022880000550000510a0000a204001144001042880022880000550000510a0000aa00002144001144080022880000550000510a0000aa0000214400114408002288002085000055000010aa000ea57ff053535dd3d6e05444c0000000049454e44ae426082),
(31, 'Rolando', 'Fernadez', 324334, 'rolando@gmail.com', '4234343', 'simon', 0x89504e470d0a1a0a0000000d49484452000001c0000001c00800000000104ee7af000008f74944415478daeddd2d97ea581680617e6de9d8e8d86834363a161d1d1b8d65b51811cb74dfbe6bd64085aa02f2b137f77975df6286879c9c7312c2ee43a9db790b000aa0000214400114408002288002085000055000010aa0000a20400114400104288002085000055000010aa0000a204001144001042880022880000550000510a0000aa00002144001042880022880000550000510a0000aa0000214400114408002288002085000055000010aa0000214400114408002288002085000055000010aa0000a20400114400104288002085000055000010aa0000a204001144001042880022880000550000510a0000aa0de17b0ac9bb61f86cbef86a16f9bba0498a2ba1dc6cb64e3d0d600631f79cd70f9a6be2901c6ac684e971f756a0a80f146cefef2407d0d305487f3e5c1ce078089f9de87f00d00f74ff1fd22dc03dc7ee2395c5e6828016e5b7b79b116e08655a7cbcb9d2a805bd55c66a901b8cdc2fdab95dfd0b5fbfaf7b155d5fbb6fbea54d91700030d9f63df4c8e8a55d38fef378ca605aca631c6eecba5c1bebbf3cf2a802bafdda707ce1faccd0fd383e901e0e67edd0f0fa3aa7b23c1dddbf8750facc9cbee6d04776fe2373c7879a11ede4470f7167ee3134bb9667c0bc18480d54c3b9a13bba815c02dd60f4fefa4b46fb09a480758dcaedfc7172eaed7b71f86530170e16ef7cf4e2f5d102a6f3f0e3dc0656b663e643e1dd00dc0352730ddcb435ed1e59ec82403bc395eba39fee68de009e072b54b4c396e47d116e05295cb4c196f054b800b75bdf21e677ba3cbebd5c4007099f6d707ca8c3757d7d77f790f7091cecbcdf7af572767804b7458729c1bb2ee6aef921e80e3cc338debd3e019e0d207e0ec1b264dd2437097f3005c60a238e43c04d300d64bcd40577b813f1cb09f7d0bedb66ef157f893018be5f74aaef7790a80cbcd31163a3cba8c9795b2009e56b8e25365bc289104b05c65af7248b8a59d04b0596591764838862601fcff39e8b8dccb8cf9ee8e4902b8d20cff6a1a0370a145f682177bf6f9d6f23900db7546d0eb31b405b8c8f470d173539feec27c0ec071add961b3d6a1fe670196abddb759a5db4d4b0158af37394c378b4901d8ac77661ab22de55300b6eb5de7e9b24d435300f6ebbdab6db6bd981480c37af76ceeb3ad23d2012e3cb3a8012e3c355cf8db5f55b6ddd07480eff45a000102040810204080002d232c232ce4017e0f682b2d21a0cdece4802e27250774413739a05b2a9203baa92939a0db0ab303bab13739a05beb9303fa724b72405f2fcb0e38f882676e405fb14e0ee82107c9013d66243ba007fd2407f4a8ade4806b3fec2ecd4ff078dce46a2ff087037ae06b76408f5c4e0ee8a1e7d901fdec4072c09b1ffe98f56a4feb873f56c84fef2407f4e357d901fdfc5c72403f00991dd04fb06607f423c8c901fd0c7976c0ebab12ff08be34e5286ffdfa0f80cbf6e990195f580fd6e36599892dc02f4e83b76ffaf3d3c6f6f62f8dd507c0d527327fafbc9f1a46cbe1d31fcae79711f06657fbd791f3c4d4a3f9742467dac34e0d382178191e3c13d69f0fbf947e3901a7042fdd03e368d95ddec42f29e0a4e0a5fbe129ac9ae24bea9715705af032fc40e1305cdec82f2de0c46ae2dfe94cf7e5c5bc7d77e79f551f00d7163c5da61bfb6692a36afaf1ce3f39a5f54b0cf851f497fb0d5dbbaf7fb354f5beed862ffee3bef800b845cd65969accef416ac0fbc3e803251e3ef3034e6c673e5a9bfc0dc80e38b5a3f94043f90170ebf67f3dcbf79f7dfefff7e9018be685f3e0d8d500b79dc574af9e03cf8702e0561d86395611e3b104b809dff932575d0930315f6ac2a480f5e93277c702608eb5dfdd73610330c8eecbf8f7567653d7ffdb23abeafad01e876f07dd530d7085d1f34b8773dfd6f7c7c2bae94e6f368e66032c8e5f2dcb0f3f988a14fbe31788e71ae0a20bf7bbeffdf9f8c05585b2b97f2df10870b99abbc7dec3d784ee6fc19d7cc173a9e1f3ce61737af286a4eade0d32be23bfe6f0f9ca7e74d19cb35f24cc03588f8beca04cefe87405c0999bbc11b49fe374354978f2b8c9799b5a3d0c334df98b76cc7bab4c12c089cb7ee38cf752977dda7b7d7759fd66be9773627f2787e02ea7df38fb86c9c4164f0ac15d4abf456ea5de8f19057719fd16baeef3e991151904e3031e577c573fbdd6b90038f7fa6fd115da21dd7a303ae0fed31ec9b2aff7e96b873dc059dfcf6ef5576c01be30b7dfe049669fa6327b804fd76ff145f6db4fcd58027cb2669b0711dc0a9e003e793adaea411237cfd00e7d974560c0e2bcf2fce5fe4ca606f8faaabadbf0e00fbc9e8f0b586f7a223a641944c302de0ca0ab1f03c724836858c076eb27799e72cc44a302569b3fc9ac18533c4c262ae0b0fd86e4f536ec58007cfacddb681278cc308f090a788e3083b8994795009f9cc46ff6d9afb75b8826073c0739fbf4f10fc15dfc0370c3cb39d79ba21dc0670ec04d7f8eb10d7f08eec21f80559ccfd211e0e37b205da00f53c4b56040c03ad4b0750ebe1d1310b00b35713804ff7df2788045b079c339f6458978804db0997b137b25110ff01cecf7e0aeae4a8c00bfab0ab3069c3c271f007ed331dcdb5586bed33e1ce039de80758a3c864603ac02ee7c1c22df681f0db00df893b645e4796834c053c465731f782d1f0cb008b9777c087c492218e03ee48f829781f74383011e630e56a7b827c1608041dfa963dc936030c0a09b1efbb827c1588075d037aa88bb128c05d8461daa4e619f7a100bb08b3a593886dd0e8d0538449dae1fc27e51291660d88bdf572767803f5a3017613f5a15c01f7cce835db739471d1b42011ea25d8c4f70760e05d8c6ddb13a465d47ecbc4bb93f5ba10087b8770f851dddc30206bb85b60608f0fd01c7a88bad9b9bad00fe60b5fc112c800001fadf0610a0620510a0000a204001144001042880022880000550000510a0000aa00002144001144080022880000550000510a0000aa0000214400114408002288002085000055000010aa0000a20400114408002288002085000055000010aa0000a204001144001042880022880000550000510a0000a204001144001042880022880000550000510a0000aa00002144001144080022880000550000510a0000aa0000214400114408002288002085000055000010aa000ea57ff053535dd3d6e05444c0000000049454e44ae426082),
(32, 'Marcela', 'Cantero', 56664, 'marce@gmail.com', '132232', 'centro', 0x89504e470d0a1a0a0000000d49484452000001c0000001c00800000000104ee7af000008f74944415478daeddd2d97ea581680617e6de9d8e8d86834363a161d1d1b8d65b51811cb74dfbe6bd64085aa02f2b137f77975df6286879c9c7312c2ee43a9db790b000aa0000214400114408002288002085000055000010aa0000a20400114400104288002085000055000010aa0000a204001144001042880022880000550000510a0000aa00002144001042880022880000550000510a0000aa0000214400114408002288002085000055000010aa0000214400114408002288002085000055000010aa0000a20400114400104288002085000055000010aa0000a204001144001042880022880000550000510a0000aa0de17b0ac9bb61f86cbef86a16f9bba0498a2ba1dc6cb64e3d0d600631f79cd70f9a6be2901c6ac684e971f756a0a80f146cefef2407d0d305487f3e5c1ce078089f9de87f00d00f74ff1fd22dc03dc7ee2395c5e6828016e5b7b79b116e08655a7cbcb9d2a805bd55c66a901b8cdc2fdab95dfd0b5fbfaf7b155d5fbb6fbea54d91700030d9f63df4c8e8a55d38fef378ca605aca631c6eecba5c1bebbf3cf2a802bafdda707ce1faccd0fd383e901e0e67edd0f0fa3aa7b23c1dddbf8750facc9cbee6d04776fe2373c7879a11ede4470f7167ee3134bb9667c0bc18480d54c3b9a13bba815c02dd60f4fefa4b46fb09a480758dcaedfc7172eaed7b71f86530170e16ef7cf4e2f5d102a6f3f0e3dc0656b663e643e1dd00dc0352730ddcb435ed1e59ec82403bc395eba39fee68de009e072b54b4c396e47d116e05295cb4c196f054b800b75bdf21e677ba3cbebd5c4007099f6d707ca8c3757d7d77f790f7091cecbcdf7af572767804b7458729c1bb2ee6aef921e80e3cc338debd3e019e0d207e0ec1b264dd2437097f3005c60a238e43c04d300d64bcd40577b813f1cb09f7d0bedb66ef157f893018be5f74aaef7790a80cbcd31163a3cba8c9795b2009e56b8e25365bc289104b05c65af7248b8a59d04b0596591764838862601fcff39e8b8dccb8cf9ee8e4902b8d20cff6a1a0370a145f682177bf6f9d6f23900db7546d0eb31b405b8c8f470d173539feec27c0ec071add961b3d6a1fe670196abddb759a5db4d4b0158af37394c378b4901d8ac77661ab22de55300b6eb5de7e9b24d435300f6ebbdab6db6bd981480c37af76ceeb3ad23d2012e3cb3a8012e3c355cf8db5f55b6ddd07480eff45a000102040810204080002d232c232ce4017e0f682b2d21a0cdece4802e27250774413739a05b2a9203baa92939a0db0ab303bab13739a05beb9303fa724b72405f2fcb0e38f882676e405fb14e0ee82107c9013d66243ba007fd2407f4a8ade4806b3fec2ecd4ff078dce46a2ff087037ae06b76408f5c4e0ee8a1e7d901fdec4072c09b1ffe98f56a4feb873f56c84fef2407f4e357d901fdfc5c72403f00991dd04fb06607f423c8c901fd0c7976c0ebab12ff08be34e5286ffdfa0f80cbf6e990195f580fd6e36599892dc02f4e83b76ffaf3d3c6f6f62f8dd507c0d527327fafbc9f1a46cbe1d31fcae79711f06657fbd791f3c4d4a3f9742467dac34e0d382178191e3c13d69f0fbf947e3901a7042fdd03e368d95ddec42f29e0a4e0a5fbe129ac9ae24bea9715705af032fc40e1305cdec82f2de0c46ae2dfe94cf7e5c5bc7d77e79f551f00d7163c5da61bfb6692a36afaf1ce3f39a5f54b0cf851f497fb0d5dbbaf7fb354f5beed862ffee3bef800b845cd65969accef416ac0fbc3e803251e3ef3034e6c673e5a9bfc0dc80e38b5a3f94043f90170ebf67f3dcbf79f7dfefff7e9018be685f3e0d8d500b79dc574af9e03cf8702e0561d86395611e3b104b809dff932575d0930315f6ac2a480f5e93277c702608eb5dfdd73610330c8eecbf8f7567653d7ffdb23abeafad01e876f07dd530d7085d1f34b8773dfd6f7c7c2bae94e6f368e66032c8e5f2dcb0f3f988a14fbe31788e71ae0a20bf7bbeffdf9f8c05585b2b97f2df10870b99abbc7dec3d784ee6fc19d7cc173a9e1f3ce61737af286a4eade0d32be23bfe6f0f9ca7e74d19cb35f24cc03588f8beca04cefe87405c0999bbc11b49fe374354978f2b8c9799b5a3d0c334df98b76cc7bab4c12c089cb7ee38cf752977dda7b7d7759fd66be9773627f2787e02ea7df38fb86c9c4164f0ac15d4abf456ea5de8f19057719fd16baeef3e991151904e3031e577c573fbdd6b90038f7fa6fd115da21dd7a303ae0fed31ec9b2aff7e96b873dc059dfcf6ef5576c01be30b7dfe049669fa6327b804fd76ff145f6db4fcd58027cb2669b0711dc0a9e003e793adaea411237cfd00e7d974560c0e2bcf2fce5fe4ca606f8faaabadbf0e00fbc9e8f0b586f7a223a641944c302de0ca0ab1f03c724836858c076eb27799e72cc44a302569b3fc9ac18533c4c262ae0b0fd86e4f536ec58007cfacddb681278cc308f090a788e3083b8994795009f9cc46ff6d9afb75b8826073c0739fbf4f10fc15dfc0370c3cb39d79ba21dc0670ec04d7f8eb10d7f08eec21f80559ccfd211e0e37b205da00f53c4b56040c03ad4b0750ebe1d1310b00b35713804ff7df2788045b079c339f6458978804db0997b137b25110ff01cecf7e0aeae4a8c00bfab0ab3069c3c271f007ed331dcdb5586bed33e1ce039de80758a3c864603ac02ee7c1c22df681f0db00df893b645e4796834c053c465731f782d1f0cb008b9777c087c492218e03ee48f829781f74383011e630e56a7b827c1608041dfa963dc936030c0a09b1efbb827c1588075d037aa88bb128c05d8461daa4e619f7a100bb08b3a593886dd0e8d0538449dae1fc27e51291660d88bdf572767803f5a3017613f5a15c01f7cce835db739471d1b42011ea25d8c4f70760e05d8c6ddb13a465d47ecbc4bb93f5ba10087b8770f851dddc30206bb85b60608f0fd01c7a88bad9b9bad00fe60b5fc112c800001fadf0610a0620510a0000a204001144001042880022880000550000510a0000aa00002144001144080022880000550000510a0000aa0000214400114408002288002085000055000010aa0000a20400114408002288002085000055000010aa0000a204001144001042880022880000550000510a0000a204001144001042880022880000550000510a0000aa00002144001144080022880000550000510a0000aa0000214400114408002288002085000055000010aa000ea57ff053535dd3d6e05444c0000000049454e44ae426082),
(33, 'Jose', 'Cuenca', 0, 'jose@gmail.com', '', '', NULL),
(34, 'Daniela', 'Pereyra', 6543, 'daniela@gmail.com', '5342', 'centro', 0x89504e470d0a1a0a0000000d49484452000001c0000001c00800000000104ee7af000008f74944415478daeddd2d97ea581680617e6de9d8e8d86834363a161d1d1b8d65b51811cb74dfbe6bd64085aa02f2b137f77975df6286879c9c7312c2ee43a9db790b000aa0000214400114408002288002085000055000010aa0000a20400114400104288002085000055000010aa0000a204001144001042880022880000550000510a0000aa00002144001042880022880000550000510a0000aa0000214400114408002288002085000055000010aa0000214400114408002288002085000055000010aa0000a20400114400104288002085000055000010aa0000a204001144001042880022880000550000510a0000aa0de17b0ac9bb61f86cbef86a16f9bba0498a2ba1dc6cb64e3d0d600631f79cd70f9a6be2901c6ac684e971f756a0a80f146cefef2407d0d305487f3e5c1ce078089f9de87f00d00f74ff1fd22dc03dc7ee2395c5e6828016e5b7b79b116e08655a7cbcb9d2a805bd55c66a901b8cdc2fdab95dfd0b5fbfaf7b155d5fbb6fbea54d91700030d9f63df4c8e8a55d38fef378ca605aca631c6eecba5c1bebbf3cf2a802bafdda707ce1faccd0fd383e901e0e67edd0f0fa3aa7b23c1dddbf8750facc9cbee6d04776fe2373c7879a11ede4470f7167ee3134bb9667c0bc18480d54c3b9a13bba815c02dd60f4fefa4b46fb09a480758dcaedfc7172eaed7b71f86530170e16ef7cf4e2f5d102a6f3f0e3dc0656b663e643e1dd00dc0352730ddcb435ed1e59ec82403bc395eba39fee68de009e072b54b4c396e47d116e05295cb4c196f054b800b75bdf21e677ba3cbebd5c4007099f6d707ca8c3757d7d77f790f7091cecbcdf7af572767804b7458729c1bb2ee6aef921e80e3cc338debd3e019e0d207e0ec1b264dd2437097f3005c60a238e43c04d300d64bcd40577b813f1cb09f7d0bedb66ef157f893018be5f74aaef7790a80cbcd31163a3cba8c9795b2009e56b8e25365bc289104b05c65af7248b8a59d04b0596591764838862601fcff39e8b8dccb8cf9ee8e4902b8d20cff6a1a0370a145f682177bf6f9d6f23900db7546d0eb31b405b8c8f470d173539feec27c0ec071add961b3d6a1fe670196abddb759a5db4d4b0158af37394c378b4901d8ac77661ab22de55300b6eb5de7e9b24d435300f6ebbdab6db6bd981480c37af76ceeb3ad23d2012e3cb3a8012e3c355cf8db5f55b6ddd07480eff45a000102040810204080002d232c232ce4017e0f682b2d21a0cdece4802e27250774413739a05b2a9203baa92939a0db0ab303bab13739a05beb9303fa724b72405f2fcb0e38f882676e405fb14e0ee82107c9013d66243ba007fd2407f4a8ade4806b3fec2ecd4ff078dce46a2ff087037ae06b76408f5c4e0ee8a1e7d901fdec4072c09b1ffe98f56a4feb873f56c84fef2407f4e357d901fdfc5c72403f00991dd04fb06607f423c8c901fd0c7976c0ebab12ff08be34e5286ffdfa0f80cbf6e990195f580fd6e36599892dc02f4e83b76ffaf3d3c6f6f62f8dd507c0d527327fafbc9f1a46cbe1d31fcae79711f06657fbd791f3c4d4a3f9742467dac34e0d382178191e3c13d69f0fbf947e3901a7042fdd03e368d95ddec42f29e0a4e0a5fbe129ac9ae24bea9715705af032fc40e1305cdec82f2de0c46ae2dfe94cf7e5c5bc7d77e79f551f00d7163c5da61bfb6692a36afaf1ce3f39a5f54b0cf851f497fb0d5dbbaf7fb354f5beed862ffee3bef800b845cd65969accef416ac0fbc3e803251e3ef3034e6c673e5a9bfc0dc80e38b5a3f94043f90170ebf67f3dcbf79f7dfefff7e9018be685f3e0d8d500b79dc574af9e03cf8702e0561d86395611e3b104b809dff932575d0930315f6ac2a480f5e93277c702608eb5dfdd73610330c8eecbf8f7567653d7ffdb23abeafad01e876f07dd530d7085d1f34b8773dfd6f7c7c2bae94e6f368e66032c8e5f2dcb0f3f988a14fbe31788e71ae0a20bf7bbeffdf9f8c05585b2b97f2df10870b99abbc7dec3d784ee6fc19d7cc173a9e1f3ce61737af286a4eade0d32be23bfe6f0f9ca7e74d19cb35f24cc03588f8beca04cefe87405c0999bbc11b49fe374354978f2b8c9799b5a3d0c334df98b76cc7bab4c12c089cb7ee38cf752977dda7b7d7759fd66be9773627f2787e02ea7df38fb86c9c4164f0ac15d4abf456ea5de8f19057719fd16baeef3e991151904e3031e577c573fbdd6b90038f7fa6fd115da21dd7a303ae0fed31ec9b2aff7e96b873dc059dfcf6ef5576c01be30b7dfe049669fa6327b804fd76ff145f6db4fcd58027cb2669b0711dc0a9e003e793adaea411237cfd00e7d974560c0e2bcf2fce5fe4ca606f8faaabadbf0e00fbc9e8f0b586f7a223a641944c302de0ca0ab1f03c724836858c076eb27799e72cc44a302569b3fc9ac18533c4c262ae0b0fd86e4f536ec58007cfacddb681278cc308f090a788e3083b8994795009f9cc46ff6d9afb75b8826073c0739fbf4f10fc15dfc0370c3cb39d79ba21dc0670ec04d7f8eb10d7f08eec21f80559ccfd211e0e37b205da00f53c4b56040c03ad4b0750ebe1d1310b00b35713804ff7df2788045b079c339f6458978804db0997b137b25110ff01cecf7e0aeae4a8c00bfab0ab3069c3c271f007ed331dcdb5586bed33e1ce039de80758a3c864603ac02ee7c1c22df681f0db00df893b645e4796834c053c465731f782d1f0cb008b9777c087c492218e03ee48f829781f74383011e630e56a7b827c1608041dfa963dc936030c0a09b1efbb827c1588075d037aa88bb128c05d8461daa4e619f7a100bb08b3a593886dd0e8d0538449dae1fc27e51291660d88bdf572767803f5a3017613f5a15c01f7cce835db739471d1b42011ea25d8c4f70760e05d8c6ddb13a465d47ecbc4bb93f5ba10087b8770f851dddc30206bb85b60608f0fd01c7a88bad9b9bad00fe60b5fc112c800001fadf0610a0620510a0000a204001144001042880022880000550000510a0000aa00002144001144080022880000550000510a0000aa0000214400114408002288002085000055000010aa0000a20400114408002288002085000055000010aa0000a204001144001042880022880000550000510a0000a204001144001042880022880000550000510a0000aa00002144001144080022880000550000510a0000aa0000214400114408002288002085000055000010aa000ea57ff053535dd3d6e05444c0000000049454e44ae426082);

-- --------------------------------------------------------

--
-- Estructura de tabla para la tabla `profesion`
--

CREATE TABLE `profesion` (
  `id_profesion` int(11) NOT NULL,
  `descripcion_profesion` varchar(200) COLLATE utf8_spanish_ci NOT NULL
) ENGINE=InnoDB DEFAULT CHARSET=utf8 COLLATE=utf8_spanish_ci;

--
-- Volcado de datos para la tabla `profesion`
--

INSERT INTO `profesion` (`id_profesion`, `descripcion_profesion`) VALUES
(1, 'Abogado'),
(2, 'Profesor'),
(3, 'Psicologo'),
(4, 'Contador'),
(5, 'Doctor');

-- --------------------------------------------------------

--
-- Estructura de tabla para la tabla `profesional`
--

CREATE TABLE `profesional` (
  `id_profesional` int(11) NOT NULL,
  `rela_persona` int(11) NOT NULL,
  `matricula` varchar(200) COLLATE utf8_spanish_ci DEFAULT NULL,
  `imagen_titulo` varchar(200) COLLATE utf8_spanish_ci DEFAULT NULL,
  `imagen_matricula` varchar(200) COLLATE utf8_spanish_ci DEFAULT NULL,
  `especialidad` varchar(200) COLLATE utf8_spanish_ci DEFAULT NULL,
  `rela_profesion` int(11) DEFAULT NULL
) ENGINE=InnoDB DEFAULT CHARSET=utf8 COLLATE=utf8_spanish_ci;

--
-- Volcado de datos para la tabla `profesional`
--

INSERT INTO `profesional` (`id_profesional`, `rela_persona`, `matricula`, `imagen_titulo`, `imagen_matricula`, `especialidad`, `rela_profesion`) VALUES
(1, 11, '3345', 'titulosuniversitarios.jpg', 'carnet-medico-profesional-cmpc.jpg', 'Abogado', 3),
(7, 28, '4444', 'titulosuniversitarios.jpg', 'carnet-medico-profesional-cmpc.jpg', 'liquidacion', 4),
(8, 31, '66666', NULL, NULL, 'familiar', 3),
(9, 32, '55', NULL, NULL, 'base de datos', 2),
(10, 34, '333', 'titulosuniversitarios.jpg', 'carnet-medico-profesional-cmpc.jpg', 'nose', 1);

-- --------------------------------------------------------

--
-- Estructura de tabla para la tabla `sala`
--

CREATE TABLE `sala` (
  `id_sala` int(11) NOT NULL,
  `nombre_sala` varchar(255) NOT NULL,
  `rela_cliente_sala` int(11) NOT NULL,
  `rela_profesional_sala` int(11) NOT NULL
) ENGINE=InnoDB DEFAULT CHARSET=latin1;

--
-- Volcado de datos para la tabla `sala`
--

INSERT INTO `sala` (`id_sala`, `nombre_sala`, `rela_cliente_sala`, `rela_profesional_sala`) VALUES
(1, 'sala para david', 1, 1),
(2, 'sala para david', 1, 1),
(3, 'paraLucas', 3, 9),
(7, 'una_sala', 3, 9);

-- --------------------------------------------------------

--
-- Estructura de tabla para la tabla `tipo_consulta`
--

CREATE TABLE `tipo_consulta` (
  `id_tipo_consulta` int(11) NOT NULL,
  `descripcio_tipo_consulta` varchar(255) NOT NULL
) ENGINE=InnoDB DEFAULT CHARSET=latin1;

--
-- Volcado de datos para la tabla `tipo_consulta`
--

INSERT INTO `tipo_consulta` (`id_tipo_consulta`, `descripcio_tipo_consulta`) VALUES
(1, 'General'),
(2, 'Específico');

-- --------------------------------------------------------

--
-- Estructura de tabla para la tabla `tipo_estudio`
--

CREATE TABLE `tipo_estudio` (
  `id_tipo_estudio` int(11) NOT NULL,
  `descrip_tipo_estudio` varchar(255) NOT NULL,
  `nombre_institucion` varchar(255) NOT NULL,
  `fecha_des_has` varchar(244) NOT NULL,
  `rela_profesional` int(11) NOT NULL
) ENGINE=InnoDB DEFAULT CHARSET=latin1;

--
-- Volcado de datos para la tabla `tipo_estudio`
--

INSERT INTO `tipo_estudio` (`id_tipo_estudio`, `descrip_tipo_estudio`, `nombre_institucion`, `fecha_des_has`, `rela_profesional`) VALUES
(40, 'Secundaria', 'ABc 43', '07/02/2020 - 07/02/2020', 1),
(41, 'Primaria', 'ECS 98', '07/02/2020 - 07/02/2020', 1),
(42, 'Universitario', 'Unaf', '07/06/2020 - 07/06/2020', 1),
(43, 'Universitario', 'Universidad de formosa', '07/07/2020 - 07/07/2020', 7),
(44, 'Secundaria', 'macedo', '07/08/2020 - 07/08/2020', 9),
(45, 'Terciario', 'itf', '07/08/2020 - 07/08/2020', 8),
(46, 'Universitario', 'Cuenca del plata', '07/10/2020 - 07/10/2020', 10);

-- --------------------------------------------------------

--
-- Estructura de tabla para la tabla `tipo_tarjeta`
--

CREATE TABLE `tipo_tarjeta` (
  `id_tipo_tajeta` int(11) NOT NULL,
  `descripcion_tipo_tarjeta` varchar(10) COLLATE utf8_spanish_ci NOT NULL
) ENGINE=InnoDB DEFAULT CHARSET=utf8 COLLATE=utf8_spanish_ci;

--
-- Volcado de datos para la tabla `tipo_tarjeta`
--

INSERT INTO `tipo_tarjeta` (`id_tipo_tajeta`, `descripcion_tipo_tarjeta`) VALUES
(1, 'Visa'),
(2, 'mastercard');

-- --------------------------------------------------------

--
-- Estructura de tabla para la tabla `tipo_usuario`
--

CREATE TABLE `tipo_usuario` (
  `id` int(11) NOT NULL,
  `tipo` varchar(50) NOT NULL
) ENGINE=InnoDB DEFAULT CHARSET=utf8;

--
-- Volcado de datos para la tabla `tipo_usuario`
--

INSERT INTO `tipo_usuario` (`id`, `tipo`) VALUES
(1, 'Profesional'),
(2, 'Cliente');

-- --------------------------------------------------------

--
-- Estructura de tabla para la tabla `turnos`
--

CREATE TABLE `turnos` (
  `id` int(11) NOT NULL,
  `title` varchar(255) NOT NULL,
  `color` varchar(7) DEFAULT NULL,
  `start` datetime NOT NULL,
  `end` datetime DEFAULT NULL,
  `rela_profesional_turno` int(11) NOT NULL,
  `rela_cliente_turno` int(11) NOT NULL,
  `rela_consulta_turno` int(11) NOT NULL
) ENGINE=InnoDB DEFAULT CHARSET=utf8;

--
-- Volcado de datos para la tabla `turnos`
--

INSERT INTO `turnos` (`id`, `title`, `color`, `start`, `end`, `rela_profesional_turno`, `rela_cliente_turno`, `rela_consulta_turno`) VALUES
(37, 'prueba4', '#0000ff', '2020-07-09 05:39:00', '2020-07-09 06:39:00', 1, 1, 2),
(38, 'hola', '#000000', '2020-07-07 05:50:00', '2020-07-07 05:50:00', 1, 1, 4),
(39, 'una consulta', '#00ff40', '2020-07-16 21:27:00', '2020-07-16 22:27:00', 1, 1, 4),
(40, 'conu', '#fff', '2020-07-20 05:00:00', '2020-07-21 10:00:00', 9, 3, 5),
(42, 'consulta psicologo', '#000000', '2020-07-01 15:48:00', '2020-07-01 16:48:00', 9, 1, 6),
(44, 'consultrererere', '#ffff00', '2020-07-11 22:39:00', '2020-07-11 23:39:00', 9, 1, 10),
(45, 'trauma', '#ff0000', '2020-07-03 23:43:00', '2020-07-03 00:44:00', 8, 1, 11),
(46, 'consulta David', '#000000', '2020-07-05 02:12:00', '2020-07-05 03:12:00', 7, 1, 9),
(47, 'consultas lucas', '#000000', '2020-06-29 07:16:00', '2020-06-29 08:16:00', 8, 1, 11),
(48, 'consulta david', '#0000ff', '2020-07-14 02:36:00', '2020-07-14 03:37:00', 9, 1, 10),
(49, 'consultas lucas', '#000080', '2020-07-09 02:39:00', '2020-07-09 03:40:00', 8, 3, 11),
(50, 'hoal', '#0000ff', '2020-07-12 01:08:00', '2020-07-12 02:08:00', 7, 3, 8),
(51, 'consulta lucass', '#ff8040', '2020-07-17 04:41:00', '2020-07-17 06:40:00', 1, 3, 11),
(52, 'hola', '#0000ff', '2020-06-30 21:32:00', '2020-06-30 22:33:00', 9, 3, 10);

-- --------------------------------------------------------

--
-- Estructura de tabla para la tabla `usuario`
--

CREATE TABLE `usuario` (
  `id_usuario` int(11) NOT NULL,
  `nombre_usuario` varchar(30) NOT NULL,
  `password` varchar(130) NOT NULL,
  `last_session` datetime DEFAULT NULL,
  `activacion` int(11) NOT NULL DEFAULT '0',
  `token` varchar(40) NOT NULL,
  `token_password` varchar(100) DEFAULT NULL,
  `password_request` int(11) DEFAULT '0',
  `rela_tipo` int(11) NOT NULL,
  `rela_persona` int(11) NOT NULL
) ENGINE=InnoDB DEFAULT CHARSET=utf8;

--
-- Volcado de datos para la tabla `usuario`
--

INSERT INTO `usuario` (`id_usuario`, `nombre_usuario`, `password`, `last_session`, `activacion`, `token`, `token_password`, `password_request`, `rela_tipo`, `rela_persona`) VALUES
(20, 'ronaldo', '$2y$10$vAXk0JDEKXMpEtJDRZ.gZuULd7esL2Lb//k29t.nN628UjzZ3dC2e', '2020-07-10 03:54:22', 1, 'a7aac7730ab0533bbffa16c1dccdae2c', '', 0, 1, 11),
(21, 'David', '$2y$10$rN/CLY03M1u98fJbHPjbteyHEOutq3ZqQy06/2eZ5ZuWULm6Oqd.m', '2020-07-10 13:34:58', 1, '845b01ac680dd5d495d2b8c015d1a53e', '', 0, 2, 12),
(22, 'Ale', '4325jkn4j5', '2020-07-15 06:13:00', 1, 'ksjfn34', '4334', 1, 2, 13),
(38, 'lucas', '$2y$10$pIrBcqSXpppMNoG9soKTTupl9difLA1WiSEoacbUuFAjsVQAK2F4y', '2020-07-10 13:46:10', 1, '3969b28dbfc4fb09948a31be706b71db', '', 0, 2, 27),
(39, 'nico', '$2y$10$inCPOFua0ElbHDeoRQig7OJNZBjAx/d42t4Ngd4cGFB0xn0.2eqwy', '2020-07-08 04:10:19', 1, 'a7ceead6038f778fba25a375163782be', '', 0, 1, 28),
(40, 'agus', '$2y$10$okguNB7lXh/csibRSCCDPeha7Y4iaTgw1yHj3AHq4feKggLNAzGyO', NULL, 1, '4c566042ebaebf000a7dc449d056dee3', NULL, 0, 2, 29),
(41, 'ema', '$2y$10$bkes/YRgubJWfT7T4tEXwekhmQSvu0dUyTw9yLvTDRThmird1ZRk2', '2020-07-08 14:33:52', 1, 'e2dd7a5cdc178ee59f027f7c8d1c2aa1', '', 0, 2, 30),
(42, 'rolando', '$2y$10$JmDl8bEqggVBGkVYShLlDewIt4fjzFNZUcXbLjIrRlf8DlhxTh3iS', '2020-07-09 03:26:08', 1, 'b3f6f55e6e8c39e622c802770516294b', '', 0, 1, 31),
(43, 'marce', '$2y$10$kYbXDtAi8cfMwbrver12EudVaxgSUFSvg31BBbU5lqB2WJLP7DvD6', '2020-07-10 13:43:31', 1, 'd605417deded20ea99e98d073728f147', '', 0, 1, 32),
(44, 'jose', '$2y$10$EhuIeF4gbgHGMjZPwnPZjOZStKIiNMrgHfwMPwhenfFysHBQ7Cipm', NULL, 1, 'f916e013327995d0805bb2cd9ea2e18c', NULL, 0, 2, 33),
(45, 'Daniela', '$2y$10$AIITSVF8u83FAUq07BXxB.D89wCdahUsZq67YP0ZTis.2r6TrEkqG', '2020-07-10 23:13:51', 1, 'afba8123e7021cbd019f515008655dda', '', 0, 1, 34);

--
-- Índices para tablas volcadas
--

--
-- Indices de la tabla `cliente`
--
ALTER TABLE `cliente`
  ADD PRIMARY KEY (`id_cliente`),
  ADD KEY `fk_cliente_persona` (`rela_persona`);

--
-- Indices de la tabla `consulta`
--
ALTER TABLE `consulta`
  ADD PRIMARY KEY (`id_consulta`),
  ADD KEY `fk_consulta_profesional` (`rela_profesional`),
  ADD KEY `fk_consulta_tipo_consulta` (`rela_tipo_consulta`);

--
-- Indices de la tabla `favorito`
--
ALTER TABLE `favorito`
  ADD PRIMARY KEY (`id_favorito`),
  ADD KEY `fk_rela_profesional_favorito` (`rela_profesional_favorito`),
  ADD KEY `fk_rela_cliente_favorito` (`rela_cliente_favorito`);

--
-- Indices de la tabla `pago_consulta`
--
ALTER TABLE `pago_consulta`
  ADD PRIMARY KEY (`id_pago`),
  ADD KEY `fk_tipo_tarjeta_pago` (`rela_tipo_tarjeta`),
  ADD KEY `fk_rela_cliente_pago` (`rela_cliente_pago`),
  ADD KEY `fk_rela_profesional_pago` (`rela_profesional_pago`);

--
-- Indices de la tabla `persona`
--
ALTER TABLE `persona`
  ADD PRIMARY KEY (`id_persona`);

--
-- Indices de la tabla `profesion`
--
ALTER TABLE `profesion`
  ADD PRIMARY KEY (`id_profesion`);

--
-- Indices de la tabla `profesional`
--
ALTER TABLE `profesional`
  ADD PRIMARY KEY (`id_profesional`),
  ADD KEY `fk_profesional_persona` (`rela_persona`),
  ADD KEY `fk_profesional_profesion` (`rela_profesion`);

--
-- Indices de la tabla `sala`
--
ALTER TABLE `sala`
  ADD PRIMARY KEY (`id_sala`),
  ADD KEY `fk_rela_profesional_sala` (`rela_profesional_sala`),
  ADD KEY `fk_rela_cliente_sala` (`rela_cliente_sala`);

--
-- Indices de la tabla `tipo_consulta`
--
ALTER TABLE `tipo_consulta`
  ADD PRIMARY KEY (`id_tipo_consulta`);

--
-- Indices de la tabla `tipo_estudio`
--
ALTER TABLE `tipo_estudio`
  ADD PRIMARY KEY (`id_tipo_estudio`),
  ADD KEY `fk_tipo_estudio_profesional` (`rela_profesional`);

--
-- Indices de la tabla `tipo_tarjeta`
--
ALTER TABLE `tipo_tarjeta`
  ADD PRIMARY KEY (`id_tipo_tajeta`);

--
-- Indices de la tabla `tipo_usuario`
--
ALTER TABLE `tipo_usuario`
  ADD PRIMARY KEY (`id`);

--
-- Indices de la tabla `turnos`
--
ALTER TABLE `turnos`
  ADD PRIMARY KEY (`id`),
  ADD KEY `fk_rela_profesional_turno` (`rela_profesional_turno`),
  ADD KEY `fk_rela_cliente_turno` (`rela_cliente_turno`),
  ADD KEY `fk_rela_consulta_turno` (`rela_consulta_turno`);

--
-- Indices de la tabla `usuario`
--
ALTER TABLE `usuario`
  ADD PRIMARY KEY (`id_usuario`),
  ADD KEY `fk_usuario_tipo` (`rela_tipo`),
  ADD KEY `fk_rela_persona` (`rela_persona`);

--
-- AUTO_INCREMENT de las tablas volcadas
--

--
-- AUTO_INCREMENT de la tabla `cliente`
--
ALTER TABLE `cliente`
  MODIFY `id_cliente` int(11) NOT NULL AUTO_INCREMENT, AUTO_INCREMENT=7;

--
-- AUTO_INCREMENT de la tabla `consulta`
--
ALTER TABLE `consulta`
  MODIFY `id_consulta` int(11) NOT NULL AUTO_INCREMENT, AUTO_INCREMENT=13;

--
-- AUTO_INCREMENT de la tabla `favorito`
--
ALTER TABLE `favorito`
  MODIFY `id_favorito` int(11) NOT NULL AUTO_INCREMENT, AUTO_INCREMENT=4;

--
-- AUTO_INCREMENT de la tabla `pago_consulta`
--
ALTER TABLE `pago_consulta`
  MODIFY `id_pago` int(11) NOT NULL AUTO_INCREMENT;

--
-- AUTO_INCREMENT de la tabla `persona`
--
ALTER TABLE `persona`
  MODIFY `id_persona` int(11) NOT NULL AUTO_INCREMENT, AUTO_INCREMENT=35;

--
-- AUTO_INCREMENT de la tabla `profesion`
--
ALTER TABLE `profesion`
  MODIFY `id_profesion` int(11) NOT NULL AUTO_INCREMENT, AUTO_INCREMENT=6;

--
-- AUTO_INCREMENT de la tabla `profesional`
--
ALTER TABLE `profesional`
  MODIFY `id_profesional` int(11) NOT NULL AUTO_INCREMENT, AUTO_INCREMENT=11;

--
-- AUTO_INCREMENT de la tabla `sala`
--
ALTER TABLE `sala`
  MODIFY `id_sala` int(11) NOT NULL AUTO_INCREMENT, AUTO_INCREMENT=8;

--
-- AUTO_INCREMENT de la tabla `tipo_consulta`
--
ALTER TABLE `tipo_consulta`
  MODIFY `id_tipo_consulta` int(11) NOT NULL AUTO_INCREMENT, AUTO_INCREMENT=3;

--
-- AUTO_INCREMENT de la tabla `tipo_estudio`
--
ALTER TABLE `tipo_estudio`
  MODIFY `id_tipo_estudio` int(11) NOT NULL AUTO_INCREMENT, AUTO_INCREMENT=47;

--
-- AUTO_INCREMENT de la tabla `tipo_tarjeta`
--
ALTER TABLE `tipo_tarjeta`
  MODIFY `id_tipo_tajeta` int(11) NOT NULL AUTO_INCREMENT, AUTO_INCREMENT=3;

--
-- AUTO_INCREMENT de la tabla `tipo_usuario`
--
ALTER TABLE `tipo_usuario`
  MODIFY `id` int(11) NOT NULL AUTO_INCREMENT, AUTO_INCREMENT=3;

--
-- AUTO_INCREMENT de la tabla `turnos`
--
ALTER TABLE `turnos`
  MODIFY `id` int(11) NOT NULL AUTO_INCREMENT, AUTO_INCREMENT=53;

--
-- AUTO_INCREMENT de la tabla `usuario`
--
ALTER TABLE `usuario`
  MODIFY `id_usuario` int(11) NOT NULL AUTO_INCREMENT, AUTO_INCREMENT=46;

--
-- Restricciones para tablas volcadas
--

--
-- Filtros para la tabla `cliente`
--
ALTER TABLE `cliente`
  ADD CONSTRAINT `fk_cliente_persona` FOREIGN KEY (`rela_persona`) REFERENCES `persona` (`id_persona`) ON DELETE CASCADE ON UPDATE CASCADE;

--
-- Filtros para la tabla `consulta`
--
ALTER TABLE `consulta`
  ADD CONSTRAINT `fk_consulta_profesional` FOREIGN KEY (`rela_profesional`) REFERENCES `profesional` (`id_profesional`) ON DELETE CASCADE ON UPDATE CASCADE,
  ADD CONSTRAINT `fk_consulta_tipo_consulta` FOREIGN KEY (`rela_tipo_consulta`) REFERENCES `tipo_consulta` (`id_tipo_consulta`) ON DELETE CASCADE ON UPDATE CASCADE;

--
-- Filtros para la tabla `favorito`
--
ALTER TABLE `favorito`
  ADD CONSTRAINT `fk_rela_cliente_favorito` FOREIGN KEY (`rela_cliente_favorito`) REFERENCES `cliente` (`id_cliente`) ON DELETE CASCADE ON UPDATE CASCADE,
  ADD CONSTRAINT `fk_rela_profesional_favorito` FOREIGN KEY (`rela_profesional_favorito`) REFERENCES `profesional` (`id_profesional`) ON DELETE CASCADE ON UPDATE CASCADE;

--
-- Filtros para la tabla `pago_consulta`
--
ALTER TABLE `pago_consulta`
  ADD CONSTRAINT `fk_rela_cliente_pago` FOREIGN KEY (`rela_cliente_pago`) REFERENCES `cliente` (`id_cliente`) ON DELETE CASCADE ON UPDATE CASCADE,
  ADD CONSTRAINT `fk_rela_profesional_pago` FOREIGN KEY (`rela_profesional_pago`) REFERENCES `profesional` (`id_profesional`) ON DELETE CASCADE ON UPDATE CASCADE,
  ADD CONSTRAINT `fk_tipo_tarjeta_pago` FOREIGN KEY (`rela_tipo_tarjeta`) REFERENCES `tipo_tarjeta` (`id_tipo_tajeta`) ON DELETE CASCADE ON UPDATE CASCADE;

--
-- Filtros para la tabla `profesional`
--
ALTER TABLE `profesional`
  ADD CONSTRAINT `fk_profesional_persona` FOREIGN KEY (`rela_persona`) REFERENCES `persona` (`id_persona`) ON DELETE CASCADE ON UPDATE CASCADE,
  ADD CONSTRAINT `fk_profesional_profesion` FOREIGN KEY (`rela_profesion`) REFERENCES `profesion` (`id_profesion`) ON DELETE CASCADE ON UPDATE CASCADE;

--
-- Filtros para la tabla `sala`
--
ALTER TABLE `sala`
  ADD CONSTRAINT `fk_rela_cliente_sala` FOREIGN KEY (`rela_cliente_sala`) REFERENCES `cliente` (`id_cliente`) ON DELETE CASCADE ON UPDATE CASCADE,
  ADD CONSTRAINT `fk_rela_profesional_sala` FOREIGN KEY (`rela_profesional_sala`) REFERENCES `profesional` (`id_profesional`) ON DELETE CASCADE ON UPDATE CASCADE;

--
-- Filtros para la tabla `tipo_estudio`
--
ALTER TABLE `tipo_estudio`
  ADD CONSTRAINT `fk_tipo_estudio_profesional` FOREIGN KEY (`rela_profesional`) REFERENCES `profesional` (`id_profesional`) ON DELETE CASCADE ON UPDATE CASCADE;

--
-- Filtros para la tabla `turnos`
--
ALTER TABLE `turnos`
  ADD CONSTRAINT `fk_rela_cliente_turno` FOREIGN KEY (`rela_cliente_turno`) REFERENCES `cliente` (`id_cliente`) ON UPDATE CASCADE,
  ADD CONSTRAINT `fk_rela_consulta_turno` FOREIGN KEY (`rela_consulta_turno`) REFERENCES `consulta` (`id_consulta`) ON UPDATE CASCADE,
  ADD CONSTRAINT `fk_rela_profesional_turno` FOREIGN KEY (`rela_profesional_turno`) REFERENCES `profesional` (`id_profesional`) ON UPDATE CASCADE;

--
-- Filtros para la tabla `usuario`
--
ALTER TABLE `usuario`
  ADD CONSTRAINT `fk_rela_persona` FOREIGN KEY (`rela_persona`) REFERENCES `persona` (`id_persona`) ON DELETE CASCADE ON UPDATE CASCADE,
  ADD CONSTRAINT `fk_usuario_tipo` FOREIGN KEY (`rela_tipo`) REFERENCES `tipo_usuario` (`id`) ON DELETE CASCADE ON UPDATE CASCADE;
COMMIT;

/*!40101 SET CHARACTER_SET_CLIENT=@OLD_CHARACTER_SET_CLIENT */;
/*!40101 SET CHARACTER_SET_RESULTS=@OLD_CHARACTER_SET_RESULTS */;
/*!40101 SET COLLATION_CONNECTION=@OLD_COLLATION_CONNECTION */;
